{
    "faces": [34,0,2,1,0,0,1,2,34,2,4,3,0,1,3,4,34,2,5,4,0,1,5,3,34,0,5,2,0,0,5,1,34,0,6,5,0,0,6,5,34,14,6,0,0,7,6,0,34,13,11,14,0,8,9,7,34,11,7,14,0,9,10,7,34,7,6,14,0,10,6,7,34,11,10,7,0,9,11,10,34,10,8,7,0,11,12,10,34,13,12,11,0,8,12,9,34,9,8,10,0,8,12,11,35,4,5,24,25,0,3,5,13,14,35,14,0,29,15,0,7,0,15,8,35,10,11,18,19,0,11,9,16,17,35,11,12,17,18,0,9,12,10,16,35,12,13,16,17,0,12,8,7,10,35,8,9,20,21,0,12,8,7,10,34,27,25,24,0,18,14,13,34,18,22,19,0,16,12,17,35,9,10,19,20,0,8,11,17,7,34,19,22,21,0,17,12,10,34,16,18,17,0,7,16,10,34,29,27,24,0,15,18,13,34,22,15,23,0,12,8,19,35,6,7,22,23,0,6,10,12,19,34,29,28,27,0,15,20,18,35,0,1,28,29,0,0,2,20,15,35,2,3,26,27,0,1,4,21,18,35,3,4,25,26,0,4,3,14,21,34,15,29,23,0,8,15,19,34,20,19,21,0,7,17,10,35,1,2,27,28,0,2,1,18,20,35,13,14,15,16,0,8,7,8,7,34,18,15,22,0,16,8,12,35,5,6,23,24,0,5,6,19,13,34,29,24,23,0,15,13,19,34,27,26,25,0,18,21,14,35,7,8,21,22,0,10,12,10,12,34,16,15,18,0,7,8,16],
    "materials": [{
        "colorSpecular": [0.71519,0.71519,0.71519],
        "depthWrite": true,
        "specularCoef": 50,
        "DbgColor": 15658734,
        "shading": "phong",
        "transparent": false,
        "DbgIndex": 0,
        "colorDiffuse": [0.439081,0.349826,0.031929],
        "wireframe": false,
        "colorEmissive": [0,0,0],
        "opacity": 1,
        "colorAmbient": [0.439081,0.349826,0.031929],
        "depthTest": true,
        "blending": "NormalBlending",
        "DbgName": "SVGMat.009",
        "visible": true
    }],
    "name": "MeshGeometry",
    "metadata": {
        "faces": 41,
        "type": "Geometry",
        "materials": 1,
        "normals": 22,
        "generator": "io_three",
        "vertices": 30,
        "uvs": 0,
        "version": 3
    },
    "vertices": [-1219.23,39.7068,582.859,-168.17,880.555,582.859,252.254,565.237,582.859,252.254,705.378,582.859,462.466,705.378,582.859,462.466,390.06,582.859,882.89,39.7068,582.859,672.678,39.7068,582.859,672.678,-801.141,582.859,147.148,-801.141,582.859,147.148,-100.435,582.859,-273.276,-100.435,582.859,-273.276,-801.141,582.859,-1009.02,-801.141,582.859,-1009.02,39.7068,582.859,-1009.02,39.7068,382.859,-1009.02,-801.141,382.859,-273.276,-801.141,382.859,-273.276,-100.435,382.859,147.148,-100.435,382.859,147.148,-801.141,382.859,672.678,-801.141,382.859,672.678,39.7068,382.859,882.89,39.7068,382.859,462.466,390.06,382.859,462.466,705.378,382.859,252.254,705.378,382.859,252.254,565.237,382.859,-168.17,880.555,382.859,-1219.23,39.7068,382.859],
    "uvs": [],
    "normals": [-0.791589,-0.277657,0.544298,-0.113468,0.226936,0.967254,-0.012574,0.805963,0.591784,0.577349,0.577349,0.577349,-0.577349,0.577349,0.577349,0.523331,0.245094,0.816095,0.788507,-0.28547,0.544755,-0.577349,-0.577349,-0.577349,-0.577349,-0.577349,0.577349,0.301492,-0.301492,0.904508,0.577349,-0.577349,-0.577349,-0.301492,-0.301492,0.904508,0.577349,-0.577349,0.577349,0.523331,0.245094,-0.816095,0.577349,0.577349,-0.577349,-0.791589,-0.277657,-0.544298,0.301492,-0.301492,-0.904508,-0.301492,-0.301492,-0.904508,-0.113468,0.226936,-0.967254,0.788507,-0.28547,-0.544755,-0.012574,0.805963,-0.591784,-0.577349,0.577349,-0.577349]
}