{
    "faces": [34,1,5,6,0,0,1,2,34,3,1,2,0,3,0,3,34,3,4,1,0,3,4,0,34,4,5,1,0,4,1,0,35,10,17,18,11,0,5,6,7,8,35,8,15,16,9,0,9,10,11,12,35,13,20,15,8,0,13,14,10,9,35,9,16,17,10,0,12,11,6,5,35,6,13,8,1,0,2,13,9,0,35,1,8,9,2,0,0,9,12,3,35,3,10,11,4,0,3,5,8,4,35,5,12,13,6,0,1,15,13,2,35,4,11,12,5,0,4,8,15,1,35,2,9,10,3,0,3,12,5,3,34,15,20,19,0,10,14,16,34,17,16,15,0,6,11,10,34,17,15,18,0,6,10,7,34,18,15,19,0,7,10,16,35,12,19,20,13,0,15,16,14,13,35,11,18,19,12,0,8,7,16,15],
    "materials": [{
        "colorSpecular": [0.71519,0.71519,0.71519],
        "depthWrite": true,
        "specularCoef": 50,
        "DbgColor": 15658734,
        "shading": "phong",
        "transparent": false,
        "DbgIndex": 0,
        "colorDiffuse": [0.439081,0.349826,0.031929],
        "wireframe": false,
        "colorEmissive": [0,0,0],
        "opacity": 1,
        "colorAmbient": [0.439081,0.349826,0.031929],
        "depthTest": true,
        "blending": "NormalBlending",
        "DbgName": "SVGMat.009",
        "visible": true
    }],
    "name": "Mesh.005Geometry",
    "metadata": {
        "faces": 20,
        "type": "Geometry",
        "materials": 1,
        "normals": 17,
        "generator": "io_three",
        "vertices": 21,
        "uvs": 0,
        "version": 3
    },
    "vertices": [520.687,748.025,604.713,-96.3249,214.405,597.338,-680.281,214.405,597.338,-680.281,-472.285,587.847,-105.173,-472.285,587.847,520.687,-1013.6,580.365,520.687,748.025,604.713,520.687,748.025,604.713,-96.3249,214.405,597.338,-680.281,214.405,597.338,-680.281,-472.285,587.847,-105.173,-472.285,587.847,520.687,-1013.6,580.365,520.687,748.025,604.713,520.687,762.302,421.787,-96.3249,228.682,414.412,-680.281,228.682,414.412,-680.281,-458.008,404.921,-105.173,-458.008,404.921,520.687,-999.325,397.439,520.687,762.302,421.787],
    "uvs": [],
    "normals": [0.68215,-0.025239,0.730766,0.427595,-0.002075,0.903958,0.999756,0.002167,-0.021363,-0.999969,-0.005158,-9.2e-05,-0.1189,-0.015381,0.992767,-0.801355,-0.404248,-0.44084,-0.580767,-0.548601,-0.601398,-0.201209,-0.537126,-0.819117,-0.473647,-0.876156,-0.089267,0.077273,0.765191,-0.639119,-0.222724,0.599506,-0.768731,-0.574053,0.604907,-0.551836,-0.831294,0.409619,-0.375652,0.91757,0.33076,-0.220496,0.341838,0.784875,-0.5168,0.665761,-0.470168,0.579333,0.353771,-0.733787,-0.579974]
}